date,colombia_cocoa_price_cop_kg,world_cocoa_price_usd_mt,eu_hicp_chocolate_index,cop_usd_exchange_rate,brent_oil_usd_bbl,log_colombia_cocoa_price_cop_kg,log_world_cocoa_price_usd_mt,log_eu_hicp_chocolate_index,log_cop_usd_exchange_rate,log_brent_oil_usd_bbl,colombia_cocoa_price_cop_kg_log_return,colombia_cocoa_price_cop_kg_log_return_rolling_volatility,month,world_return,fx_return,oil_return,z_col_vol,z_wld_ret,farmer_exposure_index,disaster_pressure
2021-09-01,8225.775,2558.09,104.34,3821.5376666666666,74.49,9.015027796118696,7.847016165257149,4.647654797594247,8.248408151147949,4.310664888188185,0.0021023143841225,,2021-09-01,,,,-0.9894717560492056,-0.2988784531692608,-0.6905933028799447,-0.8470594814802972
2021-10-01,8487.439999999999,2567.57,104.43,3773.384193548387,83.54,9.046342702622525,7.850715205306426,4.648516990491458,8.235727541853805,4.425325559069029,0.0313149065038285,,2021-10-01,0.0036990400492769027,-0.012680609294143608,0.11466067088084397,-0.9894717560492056,-0.2609166777506103,-0.7285550782985952,-1.0879760439129755
2021-11-01,8190.549999999999,2393.3300000000004,104.25,3902.901,81.05,9.01073632965947,7.780440980615531,4.646791860678911,8.269475401755148,4.395066248181685,-0.0356063729630544,,2021-11-01,-0.07027422469089561,0.03374785990134299,-0.03025931088734435,-0.9894717560492056,-1.0200748446376533,0.030603088588447735,0.23337470043374786
2021-12-01,8246.625,2382.39,104.29,3963.1335483870967,74.17,9.01755930471912,7.775859464472983,4.6471754801331215,8.284790291433417,4.306359755748467,0.0068229750596521,,2021-12-01,-0.004581516142547315,0.015314889678268884,-0.08870649243321793,-0.9894717560492056,-0.3458967294148241,-0.6435750266343815,-3.3478436819994037
2022-01-01,8566.960000000001,2467.36,105.35,3999.6161290322575,86.51,9.05566822287412,7.810904032109346,4.6572881402501976,8.293953667754893,4.460260014192283,0.0381089181549981,,2022-01-01,0.03504456763636288,0.009163376321476235,0.15390025844381583,-0.9894717560492056,0.06076999305812677,-0.9287017629910788,-2.794223553786549
2022-02-01,8914.925,2550.94,105.19,3935.835714285714,97.13,9.095482117474416,7.844217197677046,4.655768238751183,8.277878518044359,4.57605028741424,0.0398138946002964,0.0289859024634492,2022-02-01,0.0333131655676997,-0.016075149710534475,0.11579027322195667,-0.3273758125241782,0.043001302907603234,-0.28437450961657496,-0.7495754303489799
2022-03-01,8685.3,2459.01,105.76,3807.170967741936,117.25,9.069387220392969,7.807514108901701,4.6611723761033765,8.244641664158456,4.764308407326388,-0.0260948970814477,0.0304476903973415,2022-03-01,-0.03670308877534456,-0.03323685388590292,0.1882581199121489,-0.293985654582939,-0.6755476415801278,0.3815619869971888,1.015432358201877
2022-04-01,8487.875,2455.3500000000004,105.53,3792.982,104.58,9.04639395351243,7.806024596258474,4.658995272682999,8.240907796093667,4.649952328759984,-0.0229932668805377,0.0302524199166368,2022-04-01,-0.0014895126432277195,-0.0037338680647884814,-0.11435607856640395,-0.2984460226300541,-0.3141647284439783,0.015718705813924205,3.03663756182006
2022-05-01,8431.460000000001,2366.6200000000003,107.16,4019.07935483871,113.34,9.039725226984652,7.76921805585703,4.674323044676408,8.298808139175573,4.730392150741473,-0.0066687265277775,0.0285288202685213,2022-05-01,-0.03680654040144393,0.05790034308190606,0.08043982198148836,-0.33781648338136105,-0.6766093244341553,0.3387928410527943,4.479706415309537
2022-06-01,7926.075,2322.29,108.16,3930.766666666667,122.71,8.977913236233999,7.7503090467936335,4.683611612294654,8.276589766414325,4.809823847988456,-0.0618119907506545,0.0338117140806471,2022-06-01,-0.0189090090633961,-0.022218372761248162,0.07943169724698329,-0.21714463031442227,-0.4929340854120617,0.2757894550976394,0.0868992712957947
2022-07-01,8234.72,2239.13,109.36,4367.8058064516135,111.93,9.016114640819357,7.713842676547902,4.6946451924156944,8.382016058206503,4.717873675901176,0.0382014045853586,0.0344530064219407,2022-07-01,-0.03646637024573174,0.10542629179217755,-0.09195017208728018,-0.20249623155162474,-0.673118293549589,0.4706220619979642,-2.272103865617316
2022-08-01,8580.939999999999,2323.2200000000003,111.11,4322.4693548387095,100.45,9.057298743590623,7.750709433408848,4.710520701595917,8.371582127847805,4.609660091260944,0.0411841027712659,0.0349064584427873,2022-08-01,0.036866756860946204,-0.010433930358697552,-0.10821358464023234,-0.19213848112572907,0.07947039564701992,-0.11266808547870914,-0.6330492809305948
2022-09-01,8772.075,2298.46,112.17,4433.651,89.76,9.079328659432829,7.73999461244095,4.720015577657132,8.396978677110038,4.497139441774387,0.0220299158422058,0.0352955042585394,2022-09-01,-0.01071482096789822,0.02539654926223278,-0.11252064948655693,-0.1832518971465116,-0.40884039513685677,0.22558849799034517,1.0657801446620259
2022-10-01,8945.192,2309.02,113.52,4711.830322580645,93.33,9.09887146021777,7.74457847107532,4.731979032851787,8.457831715043978,4.536141599577656,0.0195428007849415,0.0346664724194022,2022-10-01,0.004583858634370053,0.06085303793394026,0.0390021578032691,-0.19762024153620247,-0.25183613686267897,0.0542158953264765,8.612630917029957
2022-11-01,9743.25,2412.04,113.6,4926.660666666667,91.42,9.184330016543951,7.788228141457494,4.732683506287051,8.502416687971365,4.515464272903598,0.0854585563261815,0.0392815790560733,2022-11-01,0.043649670382174044,0.044584972927387057,-0.02067732667405764,-0.0922019821969084,0.1490807368022379,0.05687875460532951,4.779837725801616
2022-12-01,9984.5,2512.31,114.28,4788.49064516129,80.92,9.208789169483444,7.828957927617305,4.738651577362572,8.473970535354521,4.393461012299545,0.0244591529394943,0.0392995370518735,2022-12-01,0.04072978615981082,-0.028446152616844245,-0.12200326060405331,-0.09179178568195966,0.11911512744921621,0.02732334176725655,-3.188751638248466
2023-01-01,10342.76,2624.6800000000003,116.53,4715.203870967742,82.5,9.244042037009194,7.87271426283283,4.758148750585172,8.458547432938246,4.412798293340635,0.0352528675257472,0.0391614514082598,2023-01-01,0.04375633521552569,-0.015423102416274759,0.019337281041090115,-0.09494593776023151,0.15017539552310102,0.05522945776286951,-2.4293608922827565
2023-02-01,10962.25,2652.7,117.91,4803.1125,82.59,9.302212831403295,7.883333268211163,4.769921621588582,8.477019424251225,4.413888607822626,0.0581707943941028,0.0405239539768931,2023-02-01,0.010619005378332602,0.018471991312978275,0.0010903144819911503,-0.06382365599335937,-0.1898998284526923,0.12607617245933292,-1.8361279567646063
2023-03-01,11688.05,2747.64,120.81,4766.3058064516135,78.43,9.36632223131324,7.918497640393606,4.7942190635314725,8.469326819773904,4.362206507224575,0.0641093999099438,0.0401215234565281,2023-03-01,0.03516437218244306,-0.007692604477320231,-0.05168210059805123,-0.07301597337662254,0.06199949941973491,-0.011016473956887624,-0.9279807555253643
2023-04-01,11628.820000000002,2883.24,121.93,4542.674333333333,84.64,9.361241778628232,7.966669940791701,4.803447109572174,8.421271177813114,4.438406968109989,-0.0050804526850074,0.0384837562084407,2023-04-01,0.04817230039809495,-0.04805564196079004,0.07620046088541432,-0.11042585056654868,0.19549468817310753,0.08506883760655885,1.199631945216105
2023-05-01,11886.65,2964.84,122.85,4540.089032258064,75.47,9.3831712006168,7.9945783470752705,4.8109640989671885,8.420701901472638,4.323735226296777,0.0219294219885664,0.0371221448990126,2023-05-01,0.027908406283569498,-0.0005692763404763213,-0.11467174181321216,-0.14152777419190227,-0.012465589962649744,-0.12906218422925253,1.8298178375257959
2023-06-01,12062.725,3172.87,124.1,4209.268,74.84,9.39787539832302,8.062391820053675,4.821087692210561,8.345044039825018,4.315352501405889,0.0147041977062208,0.0246545672676356,2023-06-01,0.06781347297840412,-0.07565786164762045,-0.008382724890887872,-0.42631216500834074,0.39706422311188405,-0.029247941896456686,-1.5383618276112196
2023-07-01,12157.0,3387.46,124.91,4069.233548387097,80.11,9.405660414555792,8.127835657000158,4.827593477977818,8.311209943353095,4.383400690227026,0.0077850162327738,0.0258306419576057,2023-07-01,0.06544383694648381,-0.03383409647192259,0.06804818882113661,-0.39944826858512067,0.37274559188071216,-0.026702676704408512,-2.1080047922571894
2023-08-01,12274.1,3459.61,125.2,4070.7251612903215,86.15,9.415246630219096,8.148911144935752,4.829912458665998,8.311576434873045,4.456089962973938,0.0095862156633018,0.0264634847407715,2023-08-01,0.021075487935593884,0.00036649151994971874,0.07268927274691261,-0.38499287461725923,-0.08258911074759859,-0.3024037638696606,0.6960682547788674
2023-09-01,12320.4,3608.22,124.81,4004.5206666666654,93.72,9.41901170409292,8.190969854933334,4.826792580930363,8.295179168611117,4.540311613639595,0.0037650738738235,0.027459355230059,2023-09-01,0.042058709997581545,-0.016397266261927612,0.08422165066565679,-0.362245202293964,0.13275334374476705,-0.22949185854919696,-3.2874649806080813
2023-10-01,12536.694,3630.14,125.43,4222.433225806451,90.6,9.4364151430651,8.197026494008302,4.831747834036584,8.348166834656725,4.506454213048934,0.0174034389721805,0.0275282875915913,2023-10-01,0.006056639074968118,0.052987666045607895,-0.033857400590661335,-0.3606706493882649,-0.23672157752237274,-0.12394907186589213,0.7749907594498663
2023-11-01,13423.3,4027.71,125.36,4038.8046666666655,82.94,9.504747281936163,8.30095325521881,4.831189598047765,8.303704052588214,4.418117454818235,0.0683321388710643,0.0245709214144598,2023-11-01,0.10392676121050748,-0.04446278206851062,-0.08833675823069864,-0.4282228034695797,0.7676805233501298,0.3394577198805501,0.7170686212592139
2023-12-01,14177.6,4208.89,124.99,3948.206774193549,77.63,9.559418533293035,8.344954233955313,4.82823373410213,8.281016773597672,4.351953950417589,0.0546712513568736,0.0258355820516895,2023-12-01,0.04400097873650388,-0.022687278990542126,-0.06616350440064611,-0.3993354269629687,0.1526860745850424,-0.2466493523779263,-2.577342028212802
2024-01-01,14227.625,4397.63,126.93,3915.19870967742,80.12,9.562940776240827,8.388821038426038,4.843635753400086,8.272621363120878,4.383525510797617,0.0035222429477898,0.0267688261130994,2024-01-01,0.04386680447072422,-0.00839541047679404,0.031571560380028174,-0.3780182674176526,0.1513090975108186,-0.22670916990683398,1.5996382799459703
2024-02-01,15318.275,5555.71,127.18,3931.438620689655,83.48,9.636801839043734,8.62258150668765,4.845603405839261,8.276760699123423,4.4246070822090005,0.0738610628029066,0.0287614577931893,2024-02-01,0.23376046826161279,0.004139336002545235,0.041081571411383244,-0.33250257736830474,2.100112171341723,1.767609593973418,-0.4410631062879383
2024-03-01,20595.344,7088.87,129.08,3899.341290322581,85.41,9.93282030981396,8.866281227416309,4.860432367183761,8.268562917935254,4.447463189958056,0.2960184707702244,0.0826834966509366,2024-03-01,0.24369972072865842,-0.008197781188169273,0.022856107749055,0.8991845587949574,2.202114762542922,3.1012993213378794,-2.1765677091262705
2024-04-01,33543.225,9740.03,130.67,3867.975333333333,89.94,10.420590184600869,9.183999476713971,4.872675061001055,8.26048647944151,4.499142781342561,0.48776987478691,0.1496422680307292,2024-04-01,0.31771824929766446,-0.00807643849374351,0.05167959138450584,2.428656720991177,2.961737454085518,5.390394175076695,-2.2577179606012274
2024-05-01,30295.9575,7538.03,131.76,3869.10064516129,81.75,10.318769566755192,8.92771615365466,4.880982085869385,8.260777367585563,4.403665809777363,-0.1018206178456775,0.1586248650904422,2024-05-01,-0.25628332305931245,0.00029088814405220376,-0.09547697156519863,2.6338371904644093,-2.9290121700034244,5.562849360467833,4.881237440067077
2024-06-01,30405.419999999995,8271.689999999999,133.58,4042.797,82.25,10.322376160976315,9.020594120223924,4.89470054929749,8.304692058140274,4.409763389645481,0.0036065942211263,0.159058977163929,2024-06-01,0.09287796656926339,0.0439146905547112,0.00609757986811843,2.6437531778397645,0.6542911425296412,3.2980443203694056,-0.2648758236329555
2024-07-01,28631.2,7089.17,135.67,4036.921935483871,85.15,10.262252311289934,8.86632354638283,4.910225466497217,8.30323778340659,4.444414407108697,-0.0601238496863833,0.1629084916273129,2024-07-01,-0.1542705738410941,-0.001454274733683647,0.03465101746321597,2.731683781827732,-1.8820959365827703,4.613779718410503,-0.24330142356252232
